Maison Denude — Keyword Brief (SEO),,,,
Tổng hợp từ khoá: giữ nguyên bộ gốc + bổ sung từ Trends & Google Search 2026,,,,
#,Từ khoá,Nhóm,Nguồn,Ghi chú
NHÓM 1 — Ao Dai & Heritage,,,,
1,bespoke ao dai,Gốc ✓,Gốc,Từ khoá cốt lõi — giữ nguyên
2,ao dai saigon,Gốc ✓,Gốc,Volume cao nhất — giữ nguyên
3,heritage ao dai,Gốc ✓,Gốc,Cultural positioning — giữ nguyên
4,silk ao dai,Mới ✦,Trends ↑47,Đang tăng mạnh 2025–2026
5,traditional ao dai,Mới ✦,Trends,Kết hợp chất liệu + địa điểm
6,ao dai boutique saigon,Mới ✦,Google Search,Thay thế 'ao dai atelier' (Trends = 0)
7,tailored ao dai ,Mới ✦,Google Search,Local SEO + expat search
8,designer ao dai saigo,Mới ✦,Google Search,Local + luxury signal
NHÓM 2 — Bridal & Wedding,,,,
9,bridal ao dai,Gốc ✓,Gốc,
10,wedding dress vietnam,Gốc ✓,Gốc,
11,bespoke wedding saigon,Gốc ✓,Gốc,
12,wedding ao dai,Mới ✦,Trends ↑80,Điểm cao nhất — ưu tiên #1
13,The ao dai,Mới ✦,,
14,bridesmaids ao dai ,Mới ✦,Google Search,"Search intent rõ ràng, conversion cao"
15,modern bridal ao dai,Mới ✦,,
16,ao dai wedding,Mới ✦,,Seasonal content — fresh
17,ao dai bride,Mới ✦,,Seasonal content — fresh
18,silk ao dai bridal,Mới ✦,,Kết hợp 2 từ khoá đang tăng
19,embroidered dress,Mới ✦,,
20,ao dai beading ,Mới ✦,Google Search,
"NHÓM 3 — Evening, Occasion & Luxury",,,,
21,evening wear saigon,Gốc ✓,Gốc,
22,evening dress ho chi minh,Gốc ✓,Gốc,
23,artisanal bespoke fashion,Gốc ✓,Gốc,
24,occasional wear vietnam,Gốc ✓,Gốc,
25,asian inspired dress,Gốc ✓,Gốc,
26,custom evening dress,Mới ✦,,
27,evening gown vietnam,Mới ✦,,
28,contemporary ao dai,Mới ✦,,
NHÓM 4 — Couture & Brand (MỚI),,,,
29,vietnamese couture,Mới ✦,Trends ↑33,Sau Couture Week Jan 2026
30,contemporary ao dai,Mới ✦,,
31,ao dai haute couture,Mới ✦,,
32,vietnamese haute couture,Mới ✦,,
NHÓM 5 — Khác,,,,
33,vietnamese dress tailor,Mới ✦,,
34,custom ao dai vietnam,Mới ✦,,
,"Ngoài ra còn có các keyword: hand embroidery , hand-guided embroidery , hand embellished, hand beading , beadwork",,,
,,,,
Chú thích:,,,,
✓ Gốc = từ khoá hiện có trong brief gốc — giữ nguyên,,,,
✦ Mới = từ khoá đề xuất mới từ Google Trends & Google Search 2026,,,,
"Trends ↑XX = điểm Google Trends (tháng 5/2026): wedding ao dai=80, silk ao dai=47, couture vietnamese=33, ao dai bridal=27",,,,
Ưu tiên cao nhất: wedding ao dai (80) → silk ao dai (47) → vietnamese couture (33),,,,