"query","search interest","increase percent"
"filip cezar bespoke",0,"4,000%"
"bespoke suit online",1,"1,200%"
"bespoke reception desk",0,"950%"
"bespoke suit price",5,"900%"
"bespoke suits sydney",0,"600%"
"bespoke tuxedo",2,"550%"
"bespoke suits online",0,"450%"
"bespoke shirts online",0,"400%"
"bespoke service",2,"350%"
"what is bespoke tailoring",1,"350%"
"bespoke suit cost",3,"300%"
"bespoke application development",0,"300%"
"bespoke tailoring london",0,"250%"
"what is bespoke clothing",0,"250%"
"savile row",2,"250%"
"how much does a bespoke suit cost",0,"200%"
"bespoke tailor",8,"200%"
"what is a bespoke suit",1,"190%"
"define bespoke",1,"180%"
"bespoke application",1,"170%"
"bespoke tailoring",5,"170%"
"bespoke define",1,"170%"
"bespoke tailor nyc",0,"170%"
"bespoke suit near me",1,"140%"
"bespoke pronunciation",0,"130%"
"bespoke suit",18,"130%"
"loro piana",0,"130%"
"bespoke dubai",1,"130%"
"bespoke applications",0,"130%"
"mtm vs bespoke",0,"130%"
"bespoke vs custom",1,"120%"
"bespoke tailors",3,"110%"
"bespoke suit meaning",1,"100%"
"maßgeschneiderter anzug kosten",0,"100%"
"bespoke tailored suits",1,"90%"
"how much is a bespoke suit",0,"90%"
"bespoke trousers",1,"90%"
"bespoke glasses",0,"90%"
"bespoke suits melbourne",0,"90%"
"made to measure vs bespoke",1,"90%"
"bespoke vs made to measure",1,"90%"
"bespoke etymology",0,"90%"
"bespoke tailors near me",0,"90%"
"bespoke shirt",2,"80%"
"bespoke suits",8,"80%"
"bespoke tailor near me",0,"80%"
"skræddersyet skjorte",0,"80%"
"bespoke blazer",0,"80%"
"suit supply",0,"70%"
"what is a bespoke",3,"70%"